1082,10th Street
65,1792 
448,1910
947,2Bar
595,66Gilead
42,80 Strong
817,A. D. Laws
570,A. D. Rattray
1162,Abasolo
68,Aberfeldy
67,Aberlour
320,Abhainn Dearg
322,Abraham Bowman
566,Adelphi
648,Adirondack
1073,Adnams
1035,Aerstone
747,Ailsa Bay
968,Ainsley Brae
1091,Akashi
351,Alberta 
842,Alexander Murray &amp; Co.
1089,Alfred Giraud
408,Alibi
532,Allt-a-Bhainne
723,Amador
819,American Barrels
590,American Born
1177,American Oak
486,Amherst
190,Amrut
183,Ancient Ancient Age
808,anCnoc
1207,Andalusia Whiskey Co
250,Angel's Envy
978,Arbikie
69,Ardbeg
70,Ardmore
554,Arizona Distilling
311,Armorik
71,Arran
72,Auchentoshan
252,Auchroisk
1217,August 17th
400,Auld Reekie
606,Aultmore
688,Authentic Whisky Alsace
794,Backbone Bourbon
244,Bain's Cape
268,Bainbridge
577,Baker's
248,Bakery Hill
73,Balblair
348,Balcones
321,Ballantine's
919,Ballyhoo
215,Balmenach
967,Balnellan
948,Baltimore Spirits Co.
74,Balvenie
75,Banff
1048,Bardstown Bourbon Company
803,Barr an Uisce
677,Barrell Craft Spirits
578,Basil Hayden's
355,Bastille
701,Beach Whiskey
1187,Beacon
545,BeanBall
994,Bearface
1077,Bedtime
1074,Beldorney
1101,Belfour Spirits
239,Belgian Owl
313,Belgrove
476,Belle Meade
962,Bellevoye
76,Ben Nevis
1096,Bendt
1113,Benjamin Chapman
77,BenRiach
78,Benrinnes
79,Benromach
602,Berentzen
388,Berkshire 
43,Bernheim
638,Berry Bros. &amp; Rudd
639,Bib &amp; Tucker
293,Big Bottom 
399,Big Peat
1172,Bimber Country
908,Bird Dog
1174,Bivrost
1199,Black Bear
27,Black Bottle
193,Black Bull
1185,Black Button
854,Black Dirt
1182,Black Dog
473,Black Eagle
1019,Black Feather
229,Black Grouse
492,Black Ridge
378,Black Velvet
11,Blackadder
990,Blackened
675,Blade and Bow
80,Bladnoch
81,Blair Athol
846,Blanton's
1060,Blaum Bros.
749,Blended Whisky Company
1065,Blinking Owl
678,Blood Oath
359,Blue Hanger
1126,Blue Note
1164,Blue Run
1169,Blue Spot
872,Boatwright
661,Bomberger's
1012,Bond &amp; Lillard
514,Bonded Stock
1039,Bondi
813,Bone Snapper
468,Booker's
774,Boondocks
826,Boone County
721,Borders
1128,Borough
1212,Boston Harbor
1189,Boulder Spirits
1200,Bower Hill
737,Bowman's
82,Bowmore
670,Box
972,Braddock Oak
490,Braes of Glenlivet
559,Braunstein
584,Breaker
363,Breaking &amp; Entering
373,Breakout
401,Breath of Islay
441,Breckenridge
312,Breizh
426,Brenne
939,Breuckelen
1081,Broad Branch
557,Broger
1112,Broken Barrel
1058,Broken Top
83,Brora
1190,Brother's Bond
838,Brothership
84,Bruichladdich
825,Buchanan's
493,Buckhorn
1067,Buckshee
44,Buffalo Trace
264,Bulleit
85,Bunnahabhain
382,Bushmills
565,Cabin Fever
770,Cadee
665,Cadenhead's
763,Caldera
719,Caledonian
981,Calumet Farm
341,Cambus
161,Cameronbridge
188,Canadian Club
712,Canadian Hunter
597,Canadian Leaf
236,Canadian Mist
420,Canadian Rockies
598,Canadian Supreme
86,Caol Ila
87,Caperdonich
21,Cardhu
234,Caribou Crossing
855,Carlyle
569,Carn Mor
160,Carsebridge
936,Cascade
1165,Cascade Moon
196,Cascade Peak
1042,Cask &amp; Crew
1085,Castan
1192,Castle &amp; Key
604,Catch Fire
1104,Cathead
284,Catoctin Creek
550,Catskill
725,Cavalry
298,Cedar Ridge
631,Celtic Casks
563,Celtic Honey
523,Centennial
421,Century Reserve
781,Chambers Bay
845,Chapter 7
184,Charbay
958,Charleston Distilling Co.
681,Chattanooga
760,Chicago Distilling Company
331,Chichibu
524,Chicken Cock
707,Chinook
453,Chita
28,Chivas
964,Cladach
360,Clan Denny
1008,Clan MacGregor
718,Clansman
45,Classic Cask
900,Cleveland
867,Clonakilty
960,Clontarf
500,Clyde May's
88,Clynelish
1205,Coalition
498,Cody Road
603,Coldcock
620,Colkegan
869,Collectivum
266,Collingwood
22,Compass Box
329,Concannon
644,Congenial Spirits
837,Connacht
16,Connemara
270,Convalmore
785,Cooley
780,Cooper River
834,Cooper's 
772,Coopers' Craft
844,Copper Dog
390,Copper Fox
519,Copper House
549,Coppersea
795,Copperworks
346,Corsair
893,Cotswolds
352,Coyote Ugly
1098,Crabbie's
89,Cragganmore
666,Craigdarroch
534,Craigellachie
1208,Crater Lake Spirits
1014,Cream of Kentucky
1046,Creek Water
1015,Crooked Water
2,Crown Royal
181,Cutty Sark
350,Dad's Hat
945,Daftmill
290,Dailuaine
90,Dallas Dhu
91,Dalmore
92,Dalwhinnie
940,Dancing Goat
3,Danfield's
496,Darby's
326,Dark Corner
640,Dark Horse
617,Darkness
913,Davidson Reserve
1127,Daviess County
1016,Deadwood
93,Deanston
509,Deerhammer
510,Defiant
299,Delaware Phoenix
46,Delilah's
729,Detroit City
692,Deveron 
1021,Devils River
30,Dewar's
425,Diggers &amp; Ditch
485,Dillon's
924,Dingle
47,Distillers' Masterpiece
938,Distillery 291
926,Doc 52
1043,Doc Swinson's
991,Dogfish Head
961,Domaine des Hautes Glaces
765,Domaine Pinnacle
361,Double Barrel
525,Douglas Laing
974,Douhans
478,Downslope
1118,Dram Hunters
333,Drambuie
261,Draymans
954,Driftless Glen
1152,Drumshanbo
269,Dry Fly 
1140,DS Tayman
820,Dublin Liberties
1056,Duke
674,Dumbarton
17,Dun Beghan
672,Duncan Taylor
1197,Dunville's
1000,Dusko
262,DYC
386,E.H. Taylor 
180,Eades
48,Eagle Rare
227,Early Times 
1131,Easy Rider
1071,Eau Claire
583,Edgefield
94,Edradour
865,Egan's
1034,Eifel
1029,Eight &amp; Sand
531,Elements of Islay
292,Elijah Craig
483,Ellington
49,Elmer T. Lee
457,Embrujo
864,Ensign Red
705,Ethan Knoll
50,Evan Williams
527,Exclusive Malts
841,Exclusive Regions
51,Ezra Brooks
23,Famous Grouse
560,Fary Lochan
650,Feisty Spirits
253,Fettercairn
475,Few
1221,Fighting 69th
387,Filibuster
744,Finest Irish
280,Finger Lakes
310,Fireball
1045,Firestone &amp; Robertson
953,Fistful
444,Fitch's Goat
682,Five &amp; 20
786,Flaming Leprechaun
711,Flóki
1220,Formosa
4,Forty Creek
1066,Founding Farmers
1070,Founding Spirits
1210,Foundry Distilling Co
1049,Four Gate
52,Four Roses
627,Freedom Moonshine
1013,Freeland Spirits
325,Fremont Mischief
1093,Frey Ranch
1193,Fugitives
851,Fuji
868,Fukano
1087,G. Miclo
944,G. Rozelieures
415,Garrison Brothers
558,Gelephu
943,Gelston’s
54,George Dickel
880,George Remus
53,George T. Stagg
418,Gibson's
542,Girvan
240,Glann ar Mor 
1183,Glasshouse
5,Glen Breton
538,Glen Deveron
95,Glen Elgin
965,Glen Fohdry
107,Glen Garioch
96,Glen Grant
97,Glen Keith
402,Glen Mhor
217,Glen Moray
969,Glen Ness
98,Glen Ord
99,Glen Scotia
100,Glen Spey
656,Glen Turner
533,Glenallachie
101,Glenburgie
102,Glencadam
668,Glendalough
103,GlenDronach
104,Glendullan
105,Glenfarclas
106,Glenfiddich
108,Glenglassaugh
109,Glengoyne
633,Glenkeir Treasures
110,Glenkinchie
111,Glenlivet
112,Glenlossie
113,Glenmorangie
114,Glenrothes
115,Glentauchers
116,Glenturret
117,Glenugie
118,Glenury Royal
762,Glynnevan
1166,Golden Gate
686,Goldlys
702,Gooderham &amp; Worts
1203,Goodwood
536,Gordon &amp; MacPhail
201,Gouden Carolus
1134,Grace O'Malley
1095,Grand Canyon Distillery
516,Grand Grizzly
540,Grand Macnish
226,Grand Traverse 
446,Grandaddy Mimms
585,Grandten
857,Grangestone
970,Granndach
932,Grant's
370,Great Lakes
1137,Great Plains
796,Great Wagon Road
556,Green Spot
759,Greenbar
173,Greenore
1069,Griffo
984,Grist + Saw
1026,Gun Fighter
576,H5
615,Haig Club
330,Hakushu
931,Hamilton's
925,Hammerhead
494,Hancock's
462,Hankey Bannister
454,Hanyu
671,Hart Brothers
625,Hatfield &amp; McCoy
1083,Hatozaki
589,Hayes Parker
274,Hazelburn
487,Heartwood
279,Heaven Hill
934,Heaven's Door
242,Hedgehog
685,Hell-Cat Maggie
999,Hellyers Road
342,Henry McKenna
192,Hibiki
971,Hickory Hill
1001,High Coast
717,High Commissioner
163,High West
758,High Wire Distilling Co.
119,Highland Park
611,Highland Queen
684,Highspire
419,Highwood
1097,Hillbilly
619,Hillrock
1168,Hinch
629,Hiram Walker
6,Hirsch 
726,Hochstadter
771,Hood River Distillers
1133,Hooten Young
1020,Horse Soldier
989,Hotaling
957,Hotel Tango
933,House of Hazelwood
295,Hudson
649,Hudson Valley
1211,Huling Station
613,Hunter Laing
830,Hyde
1117,Hye-Land
658,I.W. Harper
950,Ian Macleod
219,Ichiro
1090,Idle Hands
120,Imperial
121,Inchgower
856,Inchmoan
122,Inchmurrin
1017,Infuse Spirits
256,Inish Turk Beg
8,Invergordon
267,Inverleven
664,Iowa Legendary Rye
1028,Ironroot
199,Islay Mist
194,Isle of Skye
488,Italian Single Malt
905,J&amp;B
914,J. Henry &amp; Sons
860,J. Mossman
941,J. Riddle
1149,J. Rieger &amp; Co.
582,J. T. S. Brown
580,J. W. Dant
988,J.H. Cutter
866,J.J. Corry
703,J.J. Renfield &amp; Sons
736,J.P. Wiser
546,J.R. Ewing
623,J.R. Revelry
407,Jack Daniel's
742,Jack Ryan
436,Jacob's Ghost
1150,Jacob's Pardon
366,Jailers
464,James Brookes
641,James E. Pepper
596,James Foxe
18,Jameson
858,Jamie Stewart
1121,Jane Walker
55,Jefferson's
1059,Jeptha Creed
323,Jeremiah Weed
233,Jim Beam
343,John B. Stetson
877,John Barr
397,John Distilleries
694,John E. Fitzgerald
362,John J. Bowman
921,John L. Sullivan
24,John McDougall's Selection
775,John Myer
25,Johnnie Walker
676,Johnny Drum
912,Joseph Magnus
1145,Journeyman Distillery
368,Judd's Wrecking Ball
769,Jura
260,Kaiapoi
1038,Kaiyo
1218,Kamet
1157,Kanosuke
327,Kansas Clean Distilled
220,Karuizawa
245,Kavalan
618,Kentucky Owl
862,Kentucky Peerless
56,Kentucky Vintage
632,Kerrygold
1219,Khoday
922,Kikori
174,Kilbeggan
206,Kilchoman
251,Kilkerran
708,Kinahan's
124,Kinclaith
906,King of Kentucky
32,King's Crest
643,Kings County
713,Kininvie
680,Kinsey
567,Kirkland
19,Knappogue Castle
232,Knob Creek
319,Knockando
1175,KO
669,Komogatake
1144,Kooper Family
241,Kornog
281,Koval
1047,Ko‘olau
1135,Kujira
891,Kurayoshi
636,Label 5
600,Lac’ Holl
748,Ladyburn
125,Lagavulin
515,Laird of Findlay
887,Lambay
709,Lambertus
673,Langside Distillers
126,Laphroaig
874,Larceny
247,Lark
714,Last Drop Distillers
503,Last Mountain
1072,Last Straw
756,Laws Whiskey House
1204,Leatherwood
127,Ledaig
980,Legent
303,Leopold Bros.
942,Liberty Pole
455,Limeburners
985,Limestone Branch
129,Linkwood
128,Linlithgow
861,Little Book
130,Littlemill
1196,Loch Fyll
132,Loch Lomond
131,Lochside
548,Lock Stock &amp; Barrel
848,Lohin McKinnon 
198,Lombard
1209,Lone Elm
979,Lone Whisker
1206,Longhorn
134,Longmorn
133,Longrow
517,Lord Calvert
572,Lord Elcho
899,Lost Spirits
447,Lot No. 40
587,Lovell Bros.
277,Low Gap Whiskey
1080,Luca Mariano
1100,Lucky Seven
1075,Lux Row Distillers
1120,M&amp;H
135,Macallan
537,Macduff
655,Mackillop's Choice
254,Mackinlay
176,Mackmyra
1037,MacNair’s
792,MacNaMara
871,MacQueens
1004,Madoc
1086,Maison Benjamin Kuentz
223,Maker's Mark 
1084,Makoto
734,Manatawny Still Works
660,Manhattan Moonshine
136,Mannochmore
278,Marko K. Spirits
824,Mars
291,Master of Malt
294,Masterson's 
1053,Matsui
1009,Mayor Pingree
977,McAfee’s Benchmark
1198,McCabe's
497,McCarthy's
1114,McConnell's
300,McKenzie
663,McMenamins
667,Meaghers
1032,Meiyo
753,Mellow Corn
832,Method and Madness
695,Metze's
963,Meyer’s
1076,Mic Drop
257,Michael Collins
13,Michel Couvreur 
57,Michter's
776,Middle West Spirits
20,Midleton
512,Midnight Moon
1078,Milam &amp; Greene
10,Milford
237,Millstone
137,Miltonduff
986,Minor Case
928,Mississippi River Distilling
1036,Mister Sam
1216,Miyabi
506,Miyagikyo
466,Monarch of The Glen
1003,Monkey Shoulder
733,Montgomery
787,Moon Harbour
138,Mortlach
929,Mossburn
157,Mosstowie
814,Mosswood
895,Mt. Logan
811,Mulligan's
1007,Murray McDavid
416,Myer Farm
255,Naked Grouse
314,Nant
1191,Nashville Barrel Company
654,Navazos-Palazzi 
1148,Nelson's Green Brier
915,New Deal
296,New Holland
955,New Riff
521,New York Honey
380,New Zealand
1031,Niagara Falls
222,Nikka
481,Ninety
58,Noah's Mill
902,Noble Oak
836,Nomad
1002,Norfolk
575,North British
923,North of 7
159,North of Scotland
139,North Port
592,O'Begley
727,O'Danagher
1167,O.H. Ingram
903,O.Z. Tyler
1146,Oak &amp; Eden
158,Oban
806,Octomore
1109,Ogden's Own
822,Ohishi
171,Old Ballantruan
810,Old Bardstown
722,Old Beezer
793,Old Bones
1105,Old Camp
724,Old Charter
214,Old Crow Reserve
1125,Old Dominick
882,Old Elk
581,Old Fitzgerald
59,Old Forester
1057,Old Fourth Distillery
579,Old Grand-Dad
698,Old Hickory
286,Old Hobart
1027,Old Line
987,Old Overholt
720,Old Particular
60,Old Pogue
162,Old Potrero
140,Old Pulteney
827,Old Ripy
1129,Old Tub
973,Olde Point
1041,Omar
1025,One Eight
646,Onyx
839,Oola
735,Oppidan Spirits
853,Oregon Spirit
547,Orphan Barrel
790,Ourbeer
424,Overeem
470,Paddleford Creek
504,Paddy
591,Painted Stave
779,Palm Ridge
513,Palmetto
1122,Pappy Van Winkle
62,Parker's Heritage Collection
835,Patriot's Trail
456,Paul John
628,Peaden Brothers
614,Pearls of Scotland
297,Pearse Lyons Reserve
14,Pebble Beach
1010,Peg Leg Porker
704,Pemberton Valley
170,Penderyn
7,Pendleton
1061,Penelope
927,Pennington Distilling Co.
469,PennyPacker
949,Pig's Nose
422,Pike Creek
679,Pikesville
479,Pine Barrens
1094,Pinhook
690,Pittyvaich
951,PM Spirits
467,Poit Dhubh
511,Popcorn Sutton
191,Port Askaig
745,Port Charlotte
574,Port Dundas
141,Port Ellen
1108,Porter's
740,Potter's Crown
213,Powers
358,Prichard's
889,Prizefight
1171,Proclamation
1161,Proof and Wood
998,Proper No. Twelve
715,Pulteney
1142,Puncher's Chance
1136,Puni
896,Pür Geist
63,Pure Kentucky XO
876,Pure Scot
766,Quiet Man
626,Quincy Street
716,Raasay
829,Rabbit Hole
728,Ragtime
823,Rampur
347,Ranger Creek
586,Ransom
659,Rebel Yell
1024,Rebellion
64,Red Neck
647,Red River
1018,Red Saw
996,Red Spot
336,Red Stag
289,Redbreast
907,Redemption
910,Redwood Empire
1155,REI
892,Reisetbauer
901,Relativity
349,Reservoir 
992,Restless Spirits
337,Revel Stoke
384,Rich and Rare
917,Rieger’s
165,Rittenhouse
1132,Riverset
1023,Roaming Man
873,Robert Burns
859,Rock Oyster
369,Rock Town
1107,Rod &amp; Hammer's SLO Stills
495,Rod &amp; Rifle
1068,Roe &amp; Co
212,Rogue
541,Ron Burgundy
142,Rosebank
935,Rossville Union
480,Rough Rider
304,Roughstock
1173,Roulette
66,Rowan's Creek
732,Rowhouse Spririts
143,Royal Brackla
235,Royal Canadian
739,Royal Crest
207,Royal Lochnagar
750,Royal Mile Whiskies
491,Royal Salute
405,Russell's Reserve
499,Ryan &amp; Wood
1115,Sadler's
812,Sagamore Spirit
801,Sailboat
1103,Saint Lawrence Spirits
156,Sam Houston
946,Samaroli
445,Samish Bay
1213,Samuel Maverick
1147,SanTan Spirits
317,Santis
911,Savage &amp; Cooke
562,Saxtons River
166,Sazerac
526,Scallywag
144,Scapa
450,Schenley
607,Scotch Malt Whisky Society
952,Scotch Me!
1123,Scotchdale
1181,Scots Gold
1054,Scottish Leader
816,Sea Fog
365,Seagram's
1215,Sensei
553,Seven Stills
843,Shackleton
205,Sheep Dip
1160,Shelter Distilling
782,Shelter Point
1195,Shibui
463,Shieldaig
389,Short Mountain
634,SIA
897,Sierra Norte
1030,Signal Hill
528,Signatory
594,Silver Lightning
875,Single Cask Nation
530,Single Malts of Scotland
273,Singleton
465,Sir Edward
1143,Skunk Brothers
849,Slane
202,Slane Castle
1223,Slyrs
689,Smögen
209,Smokehead
930,Smokey Joe
208,Smoking Ember
372,Smooth Ambler
484,Snake River
1106,Soldier Valley
700,Sonoma County
995,Sons of Erin
552,Sons of Liberty
561,Sortilege
354,Southern Coast
339,Southern Comfort
738,Southern Crown
588,Southern Shine
474,Southshot
616,Sovereign
802,Spade &amp; Bushel
568,Spey Royal Choice
271,Speyburn
840,Speyside
335,Spicebox
501,Spirit Hound
697,Spirit of America
381,Spirit of Broadside
458,Spirit of Hven
1139,Spirit of Yorkshire
730,Spirit Works
982,Spirits of French Lick
1079,Spirits of the Apocalypse
773,Splinter Group
997,Spot
146,Springbank
797,St. Augustine
409,St. George
218,St. George's 
904,Stagg Jr.
482,Stalk &amp; Barrel
1186,Starlight Distillery
767,Starward
518,Stauning
1201,Stellum
1044,Still Austin
391,Still Waters
282,Stillhouse
993,Stone Breaker
879,StoneHammer
175,Stranahan's
543,Strathclyde
1055,Strathcolm
147,Strathisla
605,Strathmill
249,Stronachie
246,Sullivans Cove
898,Sunshine Reserve
850,Suntory
1124,Sweetens Cove
683,Swift
788,Swiss Highland
635,Syndicate
438,T.J. Pottinger
852,Taconic
1202,Tahwahkaro
423,Taketsuru
148,Talisker
1194,Talnua
149,Tamdhu
150,Tamnavulin
1178,Tamworth Distilling
883,Tanner’s Creek
414,Taos Lightning
357,Tap 357
652,Tap 8
1111,Tattersall
461,Te Bheag
211,Teaninich
437,Teeling
743,Teerenpeli
395,Telsington
197,Templeton
1116,Tenjaku
741,Texas Crown Club
706,Texas Spirit
439,That Boutique-y Whisky Company
1156,The Akkeshi
878,The Ambassador
178,The Antiquary
398,The Big Smoke 60
1151,The Busker
1130,The Clover
691,The Cooper's Choice
920,The Dead Rabbit
821,The Dubliner
653,The English Whisky Company
544,The Exceptional
610,The Fat Trout
573,The Feathery
1138,The Forager
1222,The Gladstone Axe
791,The Hilhaven Lodge
1180,The ImpEx Collection
599,The Irishman
1102,The Justice
564,The Knot
1088,The Lakes Distillery
177,The Last Drop
1153,The Legendary Silkie
571,The Lost Distilleries (Master of Malt)
657,The Lost Distillery Company
807,The MacPhail's Collection
12,The MacTarnahan
535,The Maltman
185,The Notch
520,The One
890,The Pogues
1022,The Senator
888,The Sexton
804,The Silkie
1141,The Singleton of Dufftown
145,The Speyside
886,The Temple Bar
529,The Whisky Exchange
918,The Whistler
551,Thistle Finch
167,Thomas H. Handy
1163,Thomas S. Moore
259,Thomson
1099,Three Chord
285,Three Ships
799,Throttle2Bottle
637,Timorous Beastie
1119,Tin Shed
884,Tincup
831,Tipperary
151,Tobermory
755,Tom's Foolery
153,Tomatin
152,Tomintoul
916,Tommyrotter
1063,Tom’s Town
1179,Torabhaig
154,Tormore
502,Toronto Distillery
1005,Total Wine &amp; More
1064,Town Branch
966,Trader Joe’s
870,Treacle Chest
983,Treaty Oak
956,Triple Eight
374,Troy and Sons
179,Tullamore Dew
155,Tullibardine
1050,Tumblin' Dice
539,Tweeddale
621,Twelve Five
624,Twisted Manzanita
783,Two Brewers
662,Two James
1170,Two Stacks
471,Two Stars
172,Tyrconnell
630,Uisce Beatha Real Irish 
881,Uncle Nearest
777,Union Horse Distilling
693,Usquaebach
1040,Valentine Distilling Co.
61,Van Winkle
778,Vapor
752,Very Old Barton
375,Vickers Brothers
710,Vicomte
976,Vinn
36,Vintage Bourbon
168,Vintage Rye
601,Virgil Kaine
815,Virginia Black
757,Virginia Distillery Co.
37,W. L. Weller
1011,W.B. Saffell
833,Waldviertler
1006,Walmart
1159,Waterford
1188,Watershed Distillery
507,Watkins
798,Wayne Gretzky
187,Wemyss
651,West Cork
645,Westland
443,Westward 
1110,Wheel Horse
959,Whiskey Acres
885,Whiskey Del Bac
789,Whisky Castle
612,Whisky Shack Company
224,WhistlePig
376,Whistling Andy
221,White Oak
433,White Owl
1051,Widow Jane
768,Wieser Wiesky
622,Wigle
699,Wild Buck
452,Wild Geese
26,Wild Scotsman
38,Wild Turkey
687,Wild Weasel
937,Wilderness Trail
847,Wildrye
40,Willett Family Reserve
169,Willett Rye
403,William Grant
216,William Heavenhill
39,William Larue Weller
894,William Wolf
784,Willie's
332,Willowbank
472,Winchester
449,Windsor
328,Wiser's
746,Wolfburn
800,Wolfhead
975,Wolfhound
1052,Wolves
1176,Wonderland
508,Wood's
41,Woodford Reserve
731,Woodinville
265,Woodstone Creek
751,WoodWinters Wines &amp; Whiskies
863,Woody Creek
1184,World Whisky Society
353,Writers Tears
642,Wyoming
417,XXX Shine
1214,Yamato
392,Yamazaki
805,Yamazakura 
477,Yellow Rose
379,Yellow Spot
696,Yellowstone
1158,Yeun
505,Yoichi
761,Yukon Spirits
909,Zackariah Harris
238,Zuidam